[
    {
        "_id": "article_1",
        "_parentId": "cont_module1",
        "_type": "article",
        "_classes": "",
        "title": "",
        "displayTitle": "",
        "body": ""
    },
    {
        "_id": "article_2",
        "_parentId": "cont_module2",
        "_type": "article",
        "_classes": "",
        "title": "",
        "displayTitle": "",
        "body": ""
    },
    {
        "_id": "article_3",
        "_parentId": "cont_module3",
        "_type": "article",
        "_classes": "",
        "title": "",
        "displayTitle": "",
        "body": ""
    },
    {
        "_id": "article_4",
        "_parentId": "cont_module4",
        "_type": "article",
        "_classes": "",
        "title": "",
        "displayTitle": "",
        "body": ""
    },
    {
        "_id": "article_5",
        "_parentId": "cont_module5",
        "_type": "article",
        "_classes": "",
        "title": "",
        "displayTitle": "",
        "body": ""
    },
    {
        "_id": "article_6",
        "_parentId": "cont_module6",
        "_type": "article",
        "_classes": "",
        "title": "",
        "displayTitle": "",
        "body": ""
    },
    {
        "_id": "article_7",
        "_parentId": "cont_module7",
        "_type": "article",
        "_classes": "",
        "title": "",
        "displayTitle": "",
        "body": ""
    }
]