[
    {
        "_id": "Q1_1_010",
        "_parentId": "article_1",
        "_type": "block",
        "_classes": "",
        "title": "What's the issue?",
        "displayTitle": "What's the issue?",
        "body": "",
        "_trackingId": 2,
        "_superblock": {
            "sections": [
                {
                    "type": "video",
                    "duration": 8.7,
                    "media": "#V1_1_010"
                },
                {
                    "type": "question",
                    "duration": 32,
                    "media": "audio/Q1_1_010_1.mp3",
                    "feedback": {
                        "F1_1_010a_1.mp3": 3.03,
                        "F1_1_010b_1.mp3": 1.4,
                        "F1_1_010x_1.mp3": 28.7
                    }
                },
                {
                    "type": "interaction",
                    "media": "audio/blank.mp3",
                    "interactions": [
                        "audio/P1_1_010_2.mp3"
                    ]
                }
            ]
        }
    },
    {
        "_id": "T1_1_018",
        "_parentId": "article_1",
        "_type": "block",
        "_classes": "",
        "title": "What supervisors want for their PGR students",
        "displayTitle": "What supervisors want for their PGR students",
        "body": "",
        "_trackingId": 4,
        "_superblock": {
            "sections": [
                {
                    "media": "audio/T1_1_018_1.mp3"
                }
            ]
        }
    },
    {
        "_id": "T1_1_020",
        "_parentId": "article_1",
        "_type": "block",
        "_classes": "",
        "title": "Impact",
        "displayTitle": "Impact",
        "body": "",
        "_trackingId": 5,
        "_superblock": {
            "sections": [
                {
                    "media": "audio/T1_1_020_1.mp3",
                    "duration": 33.5
                },
                {
                    "type": "interaction",
                    "interactions": 2,
                    "hasTranscript": false
                }
            ]
        }
    },
    {
        "_id": "T1_1_030",
        "_parentId": "article_1",
        "_type": "block",
        "_classes": "",
        "title": "The law",
        "displayTitle": "The law",
        "body": "",
        "_trackingId": 6,
        "_superblock": {
            "sections": [
                {
                    "media": "audio/T1_1_030_1.mp3"
                }
            ]
        }
    },
    {
        "_id": "T1_1_035",
        "_parentId": "article_1",
        "_type": "block",
        "_classes": "",
        "title": "When is a mental health issue a disability?",
        "displayTitle": "When is a mental health issue a disability?",
        "body": "",
        "_trackingId": 7,
        "_superblock": {
            "sections": [
                {
                    "media": "audio/T1_1_035_1.mp3"
                }
            ]
        }
    },
    {
        "_id": "Q1_2_010",
        "_parentId": "article_2",
        "_type": "block",
        "_classes": "",
        "title": "Defining mental health",
        "displayTitle": "Defining mental health",
        "body": "",
        "_trackingId": 8,
        "_superblock": {
            "sections": [
                {
                    "type": "question",
                    "media": "audio/Q1_2_010_1.mp3",
                    "feedback": {
                        "F1_2_010x_1.mp3": 34.94
                    }
                }
            ]
        }
    },
    {
        "_id": "T1_2_020",
        "_parentId": "article_2",
        "_type": "block",
        "_classes": "",
        "title": "The mental health spectrum",
        "displayTitle": "The mental health spectrum",
        "body": "",
        "_trackingId": 9,
        "_superblock": {
            "sections": [
                {
                    "duration": 27.5,
                    "media": "audio/T1_2_020_1.mp3"
                },
                {
                    "hasTranscript": false,
                    "type": "interaction",
                    "interactions": 3
                }
            ]
        }
    },
    {
        "_id": "Q1_2_030",
        "_parentId": "article_2",
        "_type": "block",
        "_classes": "",
        "title": "Stigma",
        "displayTitle": "Stigma",
        "body": "",
        "_trackingId": 10,
        "_superblock": {
            "sections": [
                {
                    "type": "question",
                    "media": "audio/Q1_2_030_1.mp3",
                    "hideMarking": true,
                    "hasCustomFeedback": true,
                    "feedback": {
                        "F1_2_030a_1.mp3": 7.53,
                        "F1_2_030b_1.mp3": 8.47,
                        "F1_2_030c_1.mp3": 5.75,
                        "F1_2_030d_1.mp3": 7.24,
                        "F1_2_030x_1.mp3": 13.88
                    }
                }
            ]
        }
    },
    {
        "_id": "T1_3_010",
        "_parentId": "article_2",
        "_type": "block",
        "_classes": "",
        "title": "What do we mean by mental health conditions?",
        "displayTitle": "What do we mean by mental health conditions?",
        "body": "",
        "_trackingId": 11,
        "_superblock": {
            "sections": [
                {
                    "media": "audio/T1_3_010_1.mp3"
                }
            ]
        }
    },
    {
        "_id": "M1_3_020",
        "_parentId": "article_2",
        "_type": "block",
        "_classes": "",
        "title": "Some common mental health conditions",
        "displayTitle": "Some common mental health conditions",
        "body": "",
        "_trackingId": 12,
        "_superblock": {
            "sections": [
                {
                    "media": "audio/M1_3_020_1.mp3"
                },
                {
                    "type": "interaction",
                    "interactions": 5,
                    "media": "audio/M1_3_020_2.mp3"
                }
            ]
        }
    },
    {
        "_id": "M1_3_030",
        "_parentId": "article_2",
        "_type": "block",
        "_classes": "",
        "title": "More severe mental health conditions",
        "displayTitle": "More severe mental health conditions",
        "body": "",
        "_trackingId": 13,
        "_superblock": {
            "sections": [
                {
                    "type": "interaction",
                    "interactions": 4,
                    "media": "audio/M1_3_030_1.mp3"
                }
            ]
        }
    },
    {
        "_id": "M1_8_010",
        "_parentId": "article_3",
        "_type": "block",
        "_classes": "",
        "title": "Mental health challenges of research",
        "displayTitle": "Mental health challenges of research",
        "body": "",
        "_trackingId": 14,
        "_superblock": {
            "sections": [
                {
                    "media": "audio/M1_8_010_1.mp3"
                },
                {
                    "type": "interaction",
                    "interactions": [
                        "audio/M1_8_010_2c.mp3",
                        "audio/M1_8_010_2f.mp3",
                        "audio/M1_8_010_2b.mp3",
                        "audio/M1_8_010_2g.mp3",
                        "audio/M1_8_010_2a.mp3",
                        "audio/M1_8_010_2h.mp3",
                        "audio/M1_8_010_2d.mp3",
                        "audio/M1_8_010_2e.mp3"
                    ],
                    "media": "audio/M1_8_010_2.mp3"
                }
            ]
        }
    },
    {
        "_id": "T1_8_020",
        "_parentId": "article_3",
        "_type": "block",
        "_classes": "",
        "title": "Other common causes",
        "displayTitle": "Other common causes",
        "body": "",
        "_trackingId": 15,
        "_superblock": {
            "sections": [
                {
                    "media": "audio/T1_8_020_1.mp3"
                }
            ]
        }
    },
    {
        "_id": "T1_4_010",
        "_parentId": "article_4",
        "_type": "block",
        "_classes": "",
        "title": "The golden rule for mental health",
        "displayTitle": "The golden rule for mental health",
        "body": "",
        "_trackingId": 16,
        "_superblock": {
            "sections": [
                {
                    "media": "audio/T1_4_010_1.mp3"
                }
            ]
        }
    },
    {
        "_id": "T1_4_015",
        "_parentId": "article_4",
        "_type": "block",
        "_classes": "",
        "title": "Spotting the signs of stress/depression",
        "displayTitle": "Spotting the signs of stress/depression",
        "body": "",
        "_trackingId": 17,
        "_superblock": {
            "sections": [
                {
                    "media": "audio/T1_4_015_1.mp3"
                }
            ]
        }
    },
    {
        "_id": "Q1_4_020",
        "_parentId": "article_4",
        "_type": "block",
        "_classes": "",
        "title": "Spotting the signs of stress/depression",
        "displayTitle": "Spotting the signs of stress/depression",
        "body": "",
        "_trackingId": 18,
        "_superblock": {
            "sections": [
                {
                    "type": "question",
                    "media": "audio/Q1_4_020_1.mp3",
                    "feedback": {
                        "F1_4_020x_1.mp3": 17.56,
                        "F1_4_020a_1.mp3": 0.7,
                        "F1_4_020b_1.mp3": 0.91
                    }
                }
            ]
        }
    },
    {
        "_id": "Q1_9_005",
        "_parentId": "article_5",
        "_type": "block",
        "_classes": "",
        "title": "What's your role?",
        "displayTitle": "What's your role?",
        "body": "",
        "_trackingId": 20,
        "_superblock": {
            "sections": [
                {
                    "type": "question",
                    "media": "audio/Q1_9_005_1.mp3",
                    "feedback": {
                        "F1_9_005x_1.mp3": 25.73
                    }
                }
            ]
        }
    },
    {
        "_id": "T1_9_010",
        "_parentId": "article_5",
        "_type": "block",
        "_classes": "",
        "title": "The PhD journey",
        "displayTitle": "The PhD journey",
        "body": "",
        "_trackingId": 21,
        "_superblock": {
            "sections": [
                {
                    "media": "audio/T1_9_010_1.mp3"
                }
            ]
        }
    },
    {
        "_id": "T1_9_020",
        "_parentId": "article_5",
        "_type": "block",
        "_classes": "",
        "title": "Prevention: Preparing your student",
        "displayTitle": "Prevention: Preparing your student",
        "body": "",
        "_trackingId": 22,
        "_superblock": {
            "sections": [
                {
                    "media": "audio/T1_9_020_1.mp3"
                }
            ]
        }
    },
    {
        "_id": "T1_9_030",
        "_parentId": "article_5",
        "_type": "block",
        "_classes": "",
        "title": "Practical steps",
        "displayTitle": "Practical steps",
        "body": "",
        "_trackingId": 23,
        "_superblock": {
            "sections": [
                {
                    "media": "audio/T1_9_030_1.mp3"
                }
            ]
        }
    },
    {
        "_id": "M1_9_040",
        "_parentId": "article_5",
        "_type": "block",
        "_classes": "",
        "title": "Practical steps: In more detail",
        "displayTitle": "Practical steps: In more detail",
        "body": "",
        "_trackingId": 24,
        "_superblock": {
            "sections": [
                {
                    "media": "audio/M1_9_040_1.mp3"
                },
                {
                    "type": "interaction",
                    "interactions": [
                        "audio/M1_9_040_2c.mp3",
                        "audio/M1_9_040_2f.mp3",
                        "audio/M1_9_040_2b.mp3",
                        "audio/M1_9_040_2g.mp3",
                        "audio/M1_9_040_2a.mp3",
                        "audio/M1_9_040_2h.mp3",
                        "audio/M1_9_040_2d.mp3",
                        "audio/M1_9_040_2e.mp3"
                    ],
                    "media": "audio/M1_9_040_2.mp3"
                }
            ]
        }
    },
    {
        "_id": "M1_7_010",
        "_parentId": "article_5",
        "_type": "block",
        "_classes": "",
        "title": "Intervene early: Bringing up the issue of mental health",
        "displayTitle": "Intervene early: Bringing up the issue of mental health",
        "body": "",
        "_trackingId": 25,
        "_superblock": {
            "sections": [
                {
                    "media": "audio/M1_7_010_1.mp3"
                },
                {
                    "type": "interaction",
                    "interactions": 9,
                    "media": "audio/M1_7_010_2.mp3"
                }
            ]
        }
    },
    {
        "_id": "T1_9_050",
        "_parentId": "article_5",
        "_type": "block",
        "_classes": "",
        "title": "Handling a crisis effectively: Planning for a crisis",
        "displayTitle": "Handling a crisis effectively: Planning for a crisis",
        "body": "",
        "_trackingId": 26,
        "_superblock": {
            "sections": [
                {
                    "media": "audio/T1_9_050_1.mp3"
                }
            ]
        }
    },
    {
        "_id": "T1_9_060",
        "_parentId": "article_5",
        "_type": "block",
        "_classes": "",
        "title": "Handling a crisis effectively: Dealing with a crisis",
        "displayTitle": "Handling a crisis effectively: Dealing with a crisis",
        "body": "",
        "_trackingId": 27,
        "_superblock": {
            "sections": [
                {
                    "type": "interaction",
                    "interactions": [
                        "audio/T1_9_060_1a.mp3",
                        "audio/T1_9_060_1b.mp3",
                        "audio/T1_9_060_1c.mp3",
                        "audio/T1_9_060_1d.mp3"
                    ],
                    "media": "audio/T1_9_060_1.mp3"
                }
            ]
        }
    },
    {
        "_id": "T1_9_070",
        "_parentId": "article_5",
        "_type": "block",
        "_classes": "",
        "title": "Management after a crisis",
        "displayTitle": "Management after a crisis",
        "body": "",
        "_trackingId": 28,
        "_superblock": {
            "sections": [
                {
                    "media": "audio/T1_9_070_1.mp3"
                }
            ]
        }
    },
    {
        "_id": "M1_5_005",
        "_parentId": "article_6",
        "_type": "block",
        "_classes": "",
        "title": "Adjusting the culture",
        "displayTitle": "Adjusting the culture",
        "body": "",
        "_trackingId": 29,
        "_superblock": {
            "sections": [
                {
                    "media": "audio/M1_5_005_1.mp3"
                },
                {
                    "type": "interaction",
                    "interactions": 6,
                    "media": "audio/M1_5_005_2.mp3"
                }
            ]
        }
    },
    {
        "_id": "T1_A_010",
        "_parentId": "article_7",
        "_type": "block",
        "_classes": "",
        "title": "Summary",
        "displayTitle": "Summary",
        "body": "",
        "_trackingId": 30,
        "_superblock": {
            "sections": [
                {
                    "media": "audio/T1_A_010_1.mp3"
                }
            ]
        }
    }
]