[
    {
        "_id": "cont_module1",
        "_parentId": "course",
        "_type": "page",
        "_classes": "",
        "title": "Introduction",
        "displayTitle": "Introduction",
        "body": "<h3>Introduction</h3><p>Look at the statistics around poor mental health in PGRs, the impact it has and the legislation we need to be aware of.</p>",
        "_graphic": {
            "alt": "Module 1",
            "src": "course/en/images/menuimages/PMHU_menu_1.jpg"
        },
        "linkText": "View",
        "duration": "<span class='time'>6</span> <span class='units'>mins</span>"
    },
    {
        "_id": "cont_module2",
        "_parentId": "course",
        "_type": "page",
        "_classes": "",
        "title": "What is Mental Health?",
        "displayTitle": "What is Mental Health?",
        "body": "<h3>What is Mental Health?</h3><p>Find out what we mean by mental health, the mental health spectrum and stigma and explore some of the common and severe mental health conditions you might encounter.</p>",
        "_graphic": {
            "alt": "Module 2",
            "src": "course/en/images/menuimages/PMHU_menu_2.jpg"
        },
        "linkText": "View",
        "duration": "<span class='time'>9</span> <span class='units'>mins</span>"
    },
    {
        "_id": "cont_module3",
        "_parentId": "course",
        "_type": "page",
        "_classes": "",
        "title": "Causes of Poor Mental Health in PGR Students",
        "displayTitle": "Causes of Poor Mental Health in PGR Students",
        "body": "<h3>Causes of Poor Mental Health in PGR Students</h3><p>Explore the typical causes of poor mental health in students both in the transition from undergraduate to postgraduate studies and as a result of the nature of research work.</p>",
        "_graphic": {
            "alt": "Module 3",
            "src": "course/en/images/menuimages/PMHU_menu_3.jpg"
        },
        "linkText": "View",
        "duration": "<span class='time'>4</span> <span class='units'>mins</span>"
    },
    {
        "_id": "cont_module4",
        "_parentId": "course",
        "_type": "page",
        "_classes": "",
        "title": "Spotting the Signs",
        "displayTitle": "Spotting the Signs",
        "body": "<h3>Spotting the Signs</h3><p>Can you tell when someone is stressed or depressed? It’s not necessarily obvious but there are some common signs to look out for. </p>",
        "_graphic": {
            "alt": "Module 4",
            "src": "course/en/images/menuimages/PMHU_menu_4.jpg"
        },
        "linkText": "View",
        "duration": "<span class='time'>3</span> <span class='units'>mins</span>"
    },
    {
        "_id": "cont_module5",
        "_parentId": "course",
        "_type": "page",
        "_classes": "",
        "title": "What Can Supervisors Do To Help?",
        "displayTitle": "What Can Supervisors Do To Help?",
        "body": "<h3>What Can Supervisors Do To Help?</h3><p>What can you do to help? Find out how to prepare your students from the start to look after their mental health, what practical steps you can put in place, how to intervene early and how handle a crisis successfully.</p>",
        "_graphic": {
            "alt": "Module 5",
            "src": "course/en/images/menuimages/PMHU_menu_5.jpg"
        },
        "linkText": "View",
        "duration": "<span class='time'>10</span> <span class='units'>mins</span>"
    },
    {
        "_id": "cont_module6",
        "_parentId": "course",
        "_type": "page",
        "_classes": "",
        "title": "Promoting Good Mental Health",
        "displayTitle": "Promoting Good Mental Health",
        "body": "<h3>Promoting Good Mental Health</h3><p>How do you contribute to a culture that promotes good mental health? This section suggests some best practice steps.</p>",
        "_graphic": {
            "alt": "Module 6",
            "src": "course/en/images/menuimages/PMHU_menu_6.jpg"
        },
        "linkText": "View",
        "duration": "<span class='time'>3</span> <span class='units'>mins</span>"
    },
    {
        "_id": "cont_module7",
        "_parentId": "course",
        "_type": "page",
        "_classes": "",
        "title": "Summary",
        "displayTitle": "Summary",
        "body": "<h3>Summary</h3><p>Review a summary of the whole course and look at your next steps.</p>",
        "_graphic": {
            "alt": "Module 7",
            "src": "course/en/images/menuimages/PMHU_menu_7.jpg"
        },
        "linkText": "View",
        "duration": "<span class='time'>2</span> <span class='units'>mins</span>"
    }
]