{"_globals":{},"_id":"course","_type":"course","title":"Supporting Postgraduate Mental Health, For Supervisors","displayTitle":"Supporting Postgraduate Mental Health, For Supervisors","body":"","_transcript":["en"],"_buttons":{"submit":"OK","reset":"Reset","showCorrectAnswer":"Show Correct Answer","hideCorrectAnswer":"Show Your Answer"},"_latestTrackingId":32,"_resources":{"title":"Resources","description":"Click here to view resources for this course","_filterButtons":{"all":"All","document":"PDF","media":"Media","link":"Link"},"_resourcesItems":[{"_type":"document","title":"Button idea","description":"Click here to see a proposed button idea","_link":"course/en/pdf/adapt-framework-prototypes-buttons.pdf"},{"_type":"media","title":"Adapt Learning YouTube Channel","description":"Fancy catching up on some Adapt material","_link":"https://www.youtube.com/channel/UCW8SlSFuCc--B66Gf9fAEcQ"},{"_type":"link","title":"Community Site","description":"Click here to view our community site","_link":"https://community.adaptlearning.org"}]}}